image_path,label,prediction
data/images/hq/001.png,bulbasaur,bulbasaur
data/images/hq/002.png,ivysaur,ivysaur
data/images/hq/003-Gmax.png,venusaur-gmax,venusaur-gmax
data/images/hq/003-Mega.png,venusaur-mega,venusaur-mega
data/images/hq/003.png,venusaur,venusaur
data/images/hq/004.png,charmander,charmander
data/images/hq/005.png,charmeleon,charmeleon
data/images/hq/006-Gmax.png,charizard-gmax,charizard-gmax
data/images/hq/006-Mega-X.png,charizard-mega-x,charizard-mega-x
data/images/hq/006-Mega-Y.png,charizard-mega-y,Charizard
data/images/hq/006.png,charizard,charizard
data/images/hq/007.png,squirtle,squirtle
data/images/hq/008.png,wartortle,wartortle
data/images/hq/009-Gmax.png,blastoise-gmax,blastoise-gmax
data/images/hq/009-Mega.png,blastoise-mega,Blastoise
data/images/hq/009.png,blastoise,blastoise
data/images/hq/010.png,caterpie,caterpie
data/images/hq/011.png,metapod,metapod
data/images/hq/012-Gmax.png,butterfree-gmax,Vivillon
data/images/hq/012.png,butterfree,butterfree
data/images/hq/013.png,weedle,weedle
data/images/hq/014.png,kakuna,kakuna
data/images/hq/015-Mega.png,beedrill-mega,beedrill-mega
data/images/hq/015.png,beedrill,beedrill
data/images/hq/016.png,pidgey,pidgey
data/images/hq/017.png,pidgeotto,pidgeotto
data/images/hq/018-Mega.png,pidgeot-mega,pidgeot-mega
data/images/hq/018.png,pidgeot,pidgeot
data/images/hq/019-Alola.png,rattata-alola,Rattata
data/images/hq/019.png,rattata,rattata
data/images/hq/020-Alola.png,raticate-alola,raticate-alola
data/images/hq/020.png,raticate,raticate
data/images/hq/021.png,spearow,spearow
data/images/hq/022.png,fearow,fearow
data/images/hq/023.png,ekans,ekans
data/images/hq/024.png,arbok,arbok
data/images/hq/025-Alola-Cap.png,pikachu-alola-cap,Pikachu
data/images/hq/025-Belle.png,pikachu-belle,pikachu-belle
data/images/hq/025-Cosplay.png,pikachu-cosplay,Pikachu
data/images/hq/025-Gmax.png,pikachu-gmax,pikachu-gmax
data/images/hq/025-Hoenn-Cap.png,pikachu-hoenn-cap,Pikachu
data/images/hq/025-Kalos-Cap.png,pikachu-kalos-cap,Pikachu
data/images/hq/025-Libre.png,pikachu-libre,pikachu-libre
data/images/hq/025-Original-Cap.png,pikachu-original-cap,Pikachu
data/images/hq/025-Partner-Cap.png,pikachu-partner-cap,Pikachu
data/images/hq/025-Phd.png,pikachu-phd,pikachu-phd
data/images/hq/025-Pop-Star.png,pikachu-pop-star,pikachu-pop-star
data/images/hq/025-Rock-Star.png,pikachu-rock-star,Pikachu Libre
data/images/hq/025-Sinnoh-Cap.png,pikachu-sinnoh-cap,Pikachu
data/images/hq/025-Starter.png,pikachu-starter,Pikachu
data/images/hq/025-Unova-Cap.png,pikachu-unova-cap,Pikachu
data/images/hq/025-World-Cap.png,pikachu-world-cap,Pikachu
data/images/hq/025.png,pikachu,pikachu
data/images/hq/026-Alola.png,raichu-alola,raichu-alola
data/images/hq/026.png,raichu,raichu
data/images/hq/027-Alola.png,sandshrew-alola,sandshrew-alola
data/images/hq/027.png,sandshrew,sandshrew
data/images/hq/028-Alola.png,sandslash-alola,sandslash-alola
data/images/hq/028.png,sandslash,sandslash
data/images/hq/029.png,nidoran-f,nidoran-f
data/images/hq/030.png,nidorina,Nidoran♀
data/images/hq/031.png,nidoqueen,nidoqueen
data/images/hq/032.png,nidoran-m,nidoran-m
data/images/hq/033.png,nidorino,nidorino
data/images/hq/034.png,nidoking,nidoking
data/images/hq/035.png,clefairy,clefairy
data/images/hq/036.png,clefable,clefable
data/images/hq/037-Alola.png,vulpix-alola,vulpix-alola
data/images/hq/037.png,vulpix,vulpix
data/images/hq/038-Alola.png,ninetales-alola,ninetales-alola
data/images/hq/038.png,ninetales,ninetales
data/images/hq/039.png,jigglypuff,jigglypuff
data/images/hq/040.png,wigglytuff,wigglytuff
data/images/hq/041.png,zubat,zubat
data/images/hq/042.png,golbat,golbat
data/images/hq/043.png,oddish,oddish
data/images/hq/044.png,gloom,gloom
data/images/hq/045.png,vileplume,vileplume
data/images/hq/046.png,paras,paras
data/images/hq/047.png,parasect,parasect
data/images/hq/048.png,venonat,venonat
data/images/hq/049.png,venomoth,venomoth
data/images/hq/050-Alola.png,diglett-alola,diglett-alola
data/images/hq/050.png,diglett,diglett
data/images/hq/051-Alola.png,dugtrio-alola,dugtrio-alola
data/images/hq/051.png,dugtrio,dugtrio
data/images/hq/052-Alola.png,meowth-alola,meowth-alola
data/images/hq/052-Galar.png,meowth-galar,Perrserker
data/images/hq/052-Gmax.png,meowth-gmax,meowth-gmax
data/images/hq/052.png,meowth,meowth
data/images/hq/053-Alola.png,persian-alola,Persian
data/images/hq/053.png,persian,persian
data/images/hq/054.png,psyduck,psyduck
data/images/hq/055.png,golduck,golduck
data/images/hq/056.png,mankey,mankey
data/images/hq/057.png,primeape,primeape
data/images/hq/058-Hisui.png,growlithe-hisui,growlithe-hisui
data/images/hq/058.png,growlithe,growlithe
data/images/hq/059-Hisui.png,arcanine-hisui,arcanine-hisui
data/images/hq/059.png,arcanine,arcanine
data/images/hq/060.png,poliwag,poliwag
data/images/hq/061.png,poliwhirl,poliwhirl
data/images/hq/062.png,poliwrath,poliwrath
data/images/hq/063.png,abra,abra
data/images/hq/064.png,kadabra,Alakazam
data/images/hq/065-Mega.png,alakazam-mega,alakazam-mega
data/images/hq/065.png,alakazam,alakazam
data/images/hq/066.png,machop,machop
data/images/hq/067.png,machoke,machoke
data/images/hq/068-Gmax.png,machamp-gmax,Machamp
data/images/hq/068.png,machamp,machamp
data/images/hq/069.png,bellsprout,bellsprout
data/images/hq/070.png,weepinbell,weepinbell
data/images/hq/071.png,victreebel,victreebel
data/images/hq/072.png,tentacool,tentacool
data/images/hq/073.png,tentacruel,tentacruel
data/images/hq/074-Alola.png,geodude-alola,Geodude
data/images/hq/074.png,geodude,geodude
data/images/hq/075-Alola.png,graveler-alola,Rhyperior
data/images/hq/075.png,graveler,graveler
data/images/hq/076-Alola.png,golem-alola,Rhyperior
data/images/hq/076.png,golem,golem
data/images/hq/077-Galar.png,ponyta-galar,ponyta-galar
data/images/hq/077.png,ponyta,ponyta
data/images/hq/078-Galar.png,rapidash-galar,rapidash-galar
data/images/hq/078.png,rapidash,rapidash
data/images/hq/079-Galar.png,slowpoke-galar,slowpoke-galar
data/images/hq/079.png,slowpoke,slowpoke
data/images/hq/080-Galar.png,slowbro-galar,Slowbro
data/images/hq/080-Mega.png,slowbro-mega,Slowbro
data/images/hq/080.png,slowbro,slowbro
data/images/hq/081.png,magnemite,magnemite
data/images/hq/082.png,magneton,magneton
data/images/hq/083-Galar.png,farfetchd-galar,farfetchd-galar
data/images/hq/083.png,farfetchd,farfetchd
data/images/hq/084.png,doduo,doduo
data/images/hq/085.png,dodrio,dodrio
data/images/hq/086.png,seel,seel
data/images/hq/087.png,dewgong,dewgong
data/images/hq/088-Alola.png,grimer-alola,grimer-alola
data/images/hq/088.png,grimer,grimer
data/images/hq/089-Alola.png,muk-alola,Garbodor
data/images/hq/089.png,muk,muk
data/images/hq/090.png,shellder,shellder
data/images/hq/091.png,cloyster,cloyster
data/images/hq/092.png,gastly,gastly
data/images/hq/093.png,haunter,haunter
data/images/hq/094-Gmax.png,gengar-gmax,gengar-gmax
data/images/hq/094-Mega.png,gengar-mega,gengar-mega
data/images/hq/094.png,gengar,gengar
data/images/hq/095.png,onix,onix
data/images/hq/096.png,drowzee,drowzee
data/images/hq/097.png,hypno,hypno
data/images/hq/098.png,krabby,Kingler
data/images/hq/099-Gmax.png,kingler-gmax,Kingler
data/images/hq/099.png,kingler,kingler
data/images/hq/100-Hisui.png,voltorb-hisui,voltorb-hisui
data/images/hq/100.png,voltorb,voltorb
data/images/hq/101-Hisui.png,electrode-hisui,Hisuian Voltorb
data/images/hq/101.png,electrode,electrode
data/images/hq/102.png,exeggcute,exeggcute
data/images/hq/103-Alola.png,exeggutor-alola,exeggutor-alola
data/images/hq/103.png,exeggutor,exeggutor
data/images/hq/104.png,cubone,cubone
data/images/hq/105-Alola.png,marowak-alola,marowak-alola
data/images/hq/105.png,marowak,marowak
data/images/hq/106.png,hitmonlee,hitmonlee
data/images/hq/107.png,hitmonchan,hitmonchan
data/images/hq/108.png,lickitung,lickitung
data/images/hq/109.png,koffing,koffing
data/images/hq/110-Galar.png,weezing-galar,weezing-galar
data/images/hq/110.png,weezing,weezing
data/images/hq/111.png,rhyhorn,rhyhorn
data/images/hq/112.png,rhydon,rhydon
data/images/hq/113.png,chansey,chansey
data/images/hq/114.png,tangela,tangela
data/images/hq/115-Mega.png,kangaskhan-mega,Kangaskhan
data/images/hq/115.png,kangaskhan,kangaskhan
data/images/hq/116.png,horsea,horsea
data/images/hq/117.png,seadra,seadra
data/images/hq/118.png,goldeen,goldeen
data/images/hq/119.png,seaking,seaking
data/images/hq/120.png,staryu,staryu
data/images/hq/121.png,starmie,Starm
data/images/hq/122-Galar.png,mr-mime-galar,Mr. Rime
data/images/hq/122.png,mr-mime,mr-mime
data/images/hq/123.png,scyther,scyther
data/images/hq/124.png,jynx,jynx
data/images/hq/125.png,electabuzz,electabuzz
data/images/hq/126.png,magmar,Magmortar
data/images/hq/127-Mega.png,pinsir-mega,pinsir-mega
data/images/hq/127.png,pinsir,pinsir
data/images/hq/128.png,tauros,tauros
data/images/hq/129.png,magikarp,magikarp
data/images/hq/130-Mega.png,gyarados-mega,gyarados-mega
data/images/hq/130.png,gyarados,gyarados
data/images/hq/131-Gmax.png,lapras-gmax,lapras-gmax
data/images/hq/131.png,lapras,lapras
data/images/hq/132.png,ditto,ditto
data/images/hq/133-Gmax.png,eevee-gmax,Eevee
data/images/hq/133-Starter.png,eevee-starter,Eevee
data/images/hq/133.png,eevee,eevee
data/images/hq/134.png,vaporeon,vaporeon
data/images/hq/135.png,jolteon,jolteon
data/images/hq/136.png,flareon,flareon
data/images/hq/137.png,porygon,porygon
data/images/hq/138.png,omanyte,omanyte
data/images/hq/139.png,omastar,omastar
data/images/hq/140.png,kabuto,kabuto
data/images/hq/141.png,kabutops,kabutops
data/images/hq/142-Mega.png,aerodactyl-mega,aerodactyl-mega
data/images/hq/142.png,aerodactyl,aerodactyl
data/images/hq/143-Gmax.png,snorlax-gmax,snorlax-gmax
data/images/hq/143.png,snorlax,snorlax
data/images/hq/144-Galar.png,articuno-galar,articuno-galar
data/images/hq/144.png,articuno,articuno
data/images/hq/145-Galar.png,zapdos-galar,zapdos-galar
data/images/hq/145.png,zapdos,zapdos
data/images/hq/146-Galar.png,moltres-galar,moltres-galar
data/images/hq/146.png,moltres,moltres
data/images/hq/147.png,dratini,dratini
data/images/hq/148.png,dragonair,dragonair
data/images/hq/149.png,dragonite,dragonite
data/images/hq/150-Mega-X.png,mewtwo-mega-x,Mewtwo
data/images/hq/150-Mega-Y.png,mewtwo-mega-y,mewtwo-mega-y
data/images/hq/150.png,mewtwo,mewtwo
data/images/hq/151.png,mew,mew
data/images/hq/152.png,chikorita,chikorita
data/images/hq/153.png,bayleef,bayleef
data/images/hq/154.png,meganium,meganium
data/images/hq/155.png,cyndaquil,cyndaquil
data/images/hq/156.png,quilava,quilava
data/images/hq/157-Hisui.png,typhlosion-hisui,typhlosion-hisui
data/images/hq/157.png,typhlosion,typhlosion
data/images/hq/158.png,totodile,totodile
data/images/hq/159.png,croconaw,Totodile
data/images/hq/160.png,feraligatr,feraligatr
data/images/hq/161.png,sentret,sentret
data/images/hq/162.png,furret,furret
data/images/hq/163.png,hoothoot,hoothoot
data/images/hq/164.png,noctowl,noctowl
data/images/hq/165.png,ledyba,ledyba
data/images/hq/166.png,ledian,Ledyba
data/images/hq/167.png,spinarak,spinarak
data/images/hq/168.png,ariados,ariados
data/images/hq/169.png,crobat,crobat
data/images/hq/170.png,chinchou,chinchou
data/images/hq/171.png,lanturn,lanturn
data/images/hq/172.png,pichu,pichu
data/images/hq/173.png,cleffa,Clefairy
data/images/hq/174.png,igglybuff,igglybuff
data/images/hq/175.png,togepi,togepi
data/images/hq/176.png,togetic,togetic
data/images/hq/177.png,natu,natu
data/images/hq/178.png,xatu,xatu
data/images/hq/179.png,mareep,mareep
data/images/hq/180.png,flaaffy,flaaffy
data/images/hq/181-Mega.png,ampharos-mega,ampharos-mega
data/images/hq/181.png,ampharos,ampharos
data/images/hq/182.png,bellossom,bellossom
data/images/hq/183.png,marill,marill
data/images/hq/184.png,azumarill,azumarill
data/images/hq/185.png,sudowoodo,sudowoodo
data/images/hq/186.png,politoed,politoed
data/images/hq/187.png,hoppip,hoppip
data/images/hq/188.png,skiploom,skiploom
data/images/hq/189.png,jumpluff,jumpluff
data/images/hq/190.png,aipom,aipom
data/images/hq/191.png,sunkern,sunkern
data/images/hq/192.png,sunflora,sunflora
data/images/hq/193.png,yanma,yanma
data/images/hq/194.png,wooper,wooper
data/images/hq/195.png,quagsire,quagsire
data/images/hq/196.png,espeon,espeon
data/images/hq/197.png,umbreon,umbreon
data/images/hq/198.png,murkrow,murkrow
data/images/hq/199-Galar.png,slowking-galar,slowking-galar
data/images/hq/199.png,slowking,slowking
data/images/hq/200.png,misdreavus,misdreavus
data/images/hq/201.png,unown,unown
data/images/hq/202.png,wobbuffet,wobbuffet
data/images/hq/203.png,girafarig,girafarig
data/images/hq/204.png,pineco,pineco
data/images/hq/205.png,forretress,forretress
data/images/hq/206.png,dunsparce,dunsparce
data/images/hq/207.png,gligar,gligar
data/images/hq/208-Mega.png,steelix-mega,steelix-mega
data/images/hq/208.png,steelix,Onix
data/images/hq/209.png,snubbull,snubbull
data/images/hq/210.png,granbull,granbull
data/images/hq/211-Hisui.png,qwilfish-hisui,Qwilfish
data/images/hq/211.png,qwilfish,qwilfish
data/images/hq/212-Mega.png,scizor-mega,Scizor
data/images/hq/212.png,scizor,scizor
data/images/hq/213.png,shuckle,shuckle
data/images/hq/214-Mega.png,heracross-mega,Heracross
data/images/hq/214.png,heracross,heracross
data/images/hq/215-Hisui.png,sneasel-hisui,Sneasel
data/images/hq/215.png,sneasel,sneasel
data/images/hq/216.png,teddiursa,teddiursa
data/images/hq/217.png,ursaring,ursaring
data/images/hq/218.png,slugma,slugma
data/images/hq/219.png,magcargo,magcargo
data/images/hq/220.png,swinub,swinub
data/images/hq/221.png,piloswine,piloswine
data/images/hq/222-Galar.png,corsola-galar,corsola-galar
data/images/hq/222.png,corsola,corsola
data/images/hq/223.png,remoraid,Finneon
data/images/hq/224.png,octillery,octillery
data/images/hq/225.png,delibird,delibird
data/images/hq/226.png,mantine,mantine
data/images/hq/227.png,skarmory,skarmory
data/images/hq/228.png,houndour,Houndoom
data/images/hq/229-Mega.png,houndoom-mega,houndoom-mega
data/images/hq/229.png,houndoom,houndoom
data/images/hq/230.png,kingdra,kingdra
data/images/hq/231.png,phanpy,phanpy
data/images/hq/232.png,donphan,donphan
data/images/hq/233.png,porygon2,porygon2
data/images/hq/234.png,stantler,stantler
data/images/hq/235.png,smeargle,smeargle
data/images/hq/236.png,tyrogue,tyrogue
data/images/hq/237.png,hitmontop,hitmontop
data/images/hq/238.png,smoochum,smoochum
data/images/hq/239.png,elekid,elekid
data/images/hq/240.png,magby,magby
data/images/hq/241.png,miltank,miltank
data/images/hq/242.png,blissey,blissey
data/images/hq/243.png,raikou,raikou
data/images/hq/244.png,entei,entei
data/images/hq/245.png,suicune,suicune
data/images/hq/246.png,larvitar,larvitar
data/images/hq/247.png,pupitar,pupitar
data/images/hq/248-Mega.png,tyranitar-mega,Tyranitar
data/images/hq/248.png,tyranitar,tyranitar
data/images/hq/249.png,lugia,lugia
data/images/hq/250.png,ho-oh,ho-oh
data/images/hq/251.png,celebi,celebi
data/images/hq/252.png,treecko,treecko
data/images/hq/253.png,grovyle,grovyle
data/images/hq/254-Mega.png,sceptile-mega,sceptile-mega
data/images/hq/254.png,sceptile,sceptile
data/images/hq/255.png,torchic,torchic
data/images/hq/256.png,combusken,combusken
data/images/hq/257-Mega.png,blaziken-mega,Blaziken
data/images/hq/257.png,blaziken,blaziken
data/images/hq/258.png,mudkip,mudkip
data/images/hq/259.png,marshtomp,marshtomp
data/images/hq/260-Mega.png,swampert-mega,Swampert
data/images/hq/260.png,swampert,swampert
data/images/hq/261.png,poochyena,poochyena
data/images/hq/262.png,mightyena,mightyena
data/images/hq/263-Galar.png,zigzagoon-galar,zigzagoon-galar
data/images/hq/263.png,zigzagoon,zigzagoon
data/images/hq/264-Galar.png,linoone-galar,Obstagoon
data/images/hq/264.png,linoone,linoone
data/images/hq/265.png,wurmple,wurmple
data/images/hq/266.png,silcoon,silcoon
data/images/hq/267.png,beautifly,beautifly
data/images/hq/268.png,cascoon,cascoon
data/images/hq/269.png,dustox,dustox
data/images/hq/270.png,lotad,lotad
data/images/hq/271.png,lombre,lombre
data/images/hq/272.png,ludicolo,ludicolo
data/images/hq/273.png,seedot,seedot
data/images/hq/274.png,nuzleaf,nuzleaf
data/images/hq/275.png,shiftry,shiftry
data/images/hq/276.png,taillow,taillow
data/images/hq/277.png,swellow,swellow
data/images/hq/278.png,wingull,wingull
data/images/hq/279.png,pelipper,pelipper
data/images/hq/280.png,ralts,ralts
data/images/hq/281.png,kirlia,kirlia
data/images/hq/282-Mega.png,gardevoir-mega,gardevoir-mega
data/images/hq/282.png,gardevoir,gardevoir
data/images/hq/283.png,surskit,surskit
data/images/hq/284.png,masquerain,masquerain
data/images/hq/285.png,shroomish,shroomish
data/images/hq/286.png,breloom,breloom
data/images/hq/287.png,slakoth,slakoth
data/images/hq/288.png,vigoroth,Slaking
data/images/hq/289.png,slaking,slaking
data/images/hq/290.png,nincada,nincada
data/images/hq/291.png,ninjask,ninjask
data/images/hq/292.png,shedinja,shedinja
data/images/hq/293.png,whismur,whismur
data/images/hq/294.png,loudred,loudred
data/images/hq/295.png,exploud,exploud
data/images/hq/296.png,makuhita,makuhita
data/images/hq/297.png,hariyama,hariyama
data/images/hq/298.png,azurill,Marill
data/images/hq/299.png,nosepass,nosepass
data/images/hq/300.png,skitty,skitty
data/images/hq/301.png,delcatty,delcatty
data/images/hq/302-Mega.png,sableye-mega,sableye-mega
data/images/hq/302.png,sableye,sableye
data/images/hq/303-Mega.png,mawile-mega,Mawile
data/images/hq/303.png,mawile,mawile
data/images/hq/304.png,aron,aron
data/images/hq/305.png,lairon,lairon
data/images/hq/306-Mega.png,aggron-mega,Aggron
data/images/hq/306.png,aggron,aggron
data/images/hq/307.png,meditite,meditite
data/images/hq/308-Mega.png,medicham-mega,medicham-mega
data/images/hq/308.png,medicham,medicham
data/images/hq/309.png,electrike,Manectric
data/images/hq/310-Mega.png,manectric-mega,Manectric
data/images/hq/310.png,manectric,manectric
data/images/hq/311.png,plusle,plusle
data/images/hq/312.png,minun,minun
data/images/hq/313.png,volbeat,volbeat
data/images/hq/314.png,illumise,illumise
data/images/hq/315.png,roselia,Roserade
data/images/hq/316.png,gulpin,gulpin
data/images/hq/317.png,swalot,swalot
data/images/hq/318.png,carvanha,carvanha
data/images/hq/319-Mega.png,sharpedo-mega,Sharpedo
data/images/hq/319.png,sharpedo,sharpedo
data/images/hq/320.png,wailmer,Wailord
data/images/hq/321.png,wailord,wailord
data/images/hq/322.png,numel,numel
data/images/hq/323-Mega.png,camerupt-mega,Camerupt
data/images/hq/323.png,camerupt,camerupt
data/images/hq/324.png,torkoal,torkoal
data/images/hq/325.png,spoink,spoink
data/images/hq/326.png,grumpig,grumpig
data/images/hq/327.png,spinda,spinda
data/images/hq/328.png,trapinch,trapinch
data/images/hq/329.png,vibrava,vibrava
data/images/hq/330.png,flygon,flygon
data/images/hq/331.png,cacnea,cacnea
data/images/hq/332.png,cacturne,cacturne
data/images/hq/333.png,swablu,swablu
data/images/hq/334-Mega.png,altaria-mega,Altaria
data/images/hq/334.png,altaria,altaria
data/images/hq/335.png,zangoose,zangoose
data/images/hq/336.png,seviper,seviper
data/images/hq/337.png,lunatone,lunatone
data/images/hq/338.png,solrock,solrock
data/images/hq/339.png,barboach,barboach
data/images/hq/340.png,whiscash,whiscash
data/images/hq/341.png,corphish,corphish
data/images/hq/342.png,crawdaunt,crawdaunt
data/images/hq/343.png,baltoy,baltoy
data/images/hq/344.png,claydol,claydol
data/images/hq/345.png,lileep,lileep
data/images/hq/346.png,cradily,cradily
data/images/hq/347.png,anorith,anorith
data/images/hq/348.png,armaldo,armaldo
data/images/hq/349.png,feebas,feebas
data/images/hq/350.png,milotic,milotic
data/images/hq/351-Rainy.png,castform-rainy,Castform
data/images/hq/351-Snowy.png,castform-snowy,Castform
data/images/hq/351-Sunny.png,castform-sunny,Castform
data/images/hq/351.png,castform,castform
data/images/hq/352.png,kecleon,kecleon
data/images/hq/353.png,shuppet,shuppet
data/images/hq/354-Mega.png,banette-mega,banette-mega
data/images/hq/354.png,banette,banette
data/images/hq/355.png,duskull,duskull
data/images/hq/356.png,dusclops,dusclops
data/images/hq/357.png,tropius,tropius
data/images/hq/358.png,chimecho,chimecho
data/images/hq/359-Mega.png,absol-mega,absol-mega
data/images/hq/359.png,absol,absol
data/images/hq/360.png,wynaut,wynaut
data/images/hq/361.png,snorunt,snorunt
data/images/hq/362-Mega.png,glalie-mega,Glalie
data/images/hq/362.png,glalie,glalie
data/images/hq/363.png,spheal,spheal
data/images/hq/364.png,sealeo,sealeo
data/images/hq/365.png,walrein,walrein
data/images/hq/366.png,clamperl,clamperl
data/images/hq/367.png,huntail,huntail
data/images/hq/368.png,gorebyss,gorebyss
data/images/hq/369.png,relicanth,relicanth
data/images/hq/370.png,luvdisc,luvdisc
data/images/hq/371.png,bagon,bagon
data/images/hq/372.png,shelgon,shelgon
data/images/hq/373-Mega.png,salamence-mega,salamence-mega
data/images/hq/373.png,salamence,salamence
data/images/hq/374.png,beldum,beldum
data/images/hq/375.png,metang,Metagross
data/images/hq/376-Mega.png,metagross-mega,Metagross
data/images/hq/376.png,metagross,metagross
data/images/hq/377.png,regirock,regirock
data/images/hq/378.png,regice,regice
data/images/hq/379.png,registeel,registeel
data/images/hq/380-Mega.png,latias-mega,Mega Latios
data/images/hq/380.png,latias,latias
data/images/hq/381-Mega.png,latios-mega,Latios
data/images/hq/381.png,latios,latios
data/images/hq/382-Primal.png,kyogre-primal,Kyogre
data/images/hq/382.png,kyogre,kyogre
data/images/hq/383-Primal.png,groudon-primal,groudon-primal
data/images/hq/383.png,groudon,groudon
data/images/hq/384-Mega.png,rayquaza-mega,rayquaza-mega
data/images/hq/384.png,rayquaza,rayquaza
data/images/hq/385.png,jirachi,jirachi
data/images/hq/386-Attack.png,deoxys-normal-attack,Deoxys
data/images/hq/386-Defense.png,deoxys-normal-defense,Deoxys
data/images/hq/386-Speed.png,deoxys-normal-speed,Deoxys
data/images/hq/386.png,deoxys-normal,Deoxys
data/images/hq/387.png,turtwig,turtwig
data/images/hq/388.png,grotle,grotle
data/images/hq/389.png,torterra,torterra
data/images/hq/390.png,chimchar,chimchar
data/images/hq/391.png,monferno,monferno
data/images/hq/392.png,infernape,infernape
data/images/hq/393.png,piplup,piplup
data/images/hq/394.png,prinplup,prinplup
data/images/hq/395.png,empoleon,empoleon
data/images/hq/396.png,starly,starly
data/images/hq/397.png,staravia,staravia
data/images/hq/398.png,staraptor,staraptor
data/images/hq/399.png,bidoof,bidoof
data/images/hq/400.png,bibarel,Bidoof
data/images/hq/401.png,kricketot,kricketot
data/images/hq/402.png,kricketune,kricketune
data/images/hq/403.png,shinx,shinx
data/images/hq/404.png,luxio,luxio
data/images/hq/405.png,luxray,luxray
data/images/hq/406.png,budew,budew
data/images/hq/407.png,roserade,roserade
data/images/hq/408.png,cranidos,cranidos
data/images/hq/409.png,rampardos,rampardos
data/images/hq/410.png,shieldon,shieldon
data/images/hq/411.png,bastiodon,bastiodon
data/images/hq/412-Sandy.png,burmy-sandy,Burmy
data/images/hq/412-Trash.png,burmy-trash,Burmy
data/images/hq/412.png,burmy,burmy
data/images/hq/413-Sandy.png,wormadam-plant-sandy,Tornadus
data/images/hq/413-Trash.png,wormadam-plant-trash,Aromatisse
data/images/hq/413.png,wormadam-plant,Wormadam
data/images/hq/414.png,mothim,mothim
data/images/hq/415.png,combee,combee
data/images/hq/416.png,vespiquen,vespiquen
data/images/hq/417.png,pachirisu,pachirisu
data/images/hq/418.png,buizel,buizel
data/images/hq/419.png,floatzel,floatzel
data/images/hq/420.png,cherubi,cherubi
data/images/hq/421-Sunshine.png,cherrim-sunshine,Cherrim
data/images/hq/421.png,cherrim,Cherubi
data/images/hq/422-East.png,shellos-east,Shellos
data/images/hq/422-West.png,shellos-west,Shellos
data/images/hq/422.png,shellos,shellos
data/images/hq/423-East.png,gastrodon-east,Gastrodon
data/images/hq/423-West.png,gastrodon-west,Gastrodon
data/images/hq/423.png,gastrodon,gastrodon
data/images/hq/424.png,ambipom,ambipom
data/images/hq/425.png,drifloon,drifloon
data/images/hq/426.png,drifblim,drifblim
data/images/hq/427.png,buneary,buneary
data/images/hq/428-Mega.png,lopunny-mega,Lopunny
data/images/hq/428.png,lopunny,lopunny
data/images/hq/429.png,mismagius,mismagius
data/images/hq/430.png,honchkrow,honchkrow
data/images/hq/431.png,glameow,glameow
data/images/hq/432.png,purugly,purugly
data/images/hq/433.png,chingling,chingling
data/images/hq/434.png,stunky,stunky
data/images/hq/435.png,skuntank,skuntank
data/images/hq/436.png,bronzor,bronzor
data/images/hq/437.png,bronzong,bronzong
data/images/hq/438.png,bonsly,bonsly
data/images/hq/439.png,mime-jr,mime-jr
data/images/hq/440.png,happiny,happiny
data/images/hq/441.png,chatot,chatot
data/images/hq/442.png,spiritomb,spiritomb
data/images/hq/443.png,gible,gible
data/images/hq/444.png,gabite,Garchomp
data/images/hq/445-Mega.png,garchomp-mega,garchomp-mega
data/images/hq/445.png,garchomp,garchomp
data/images/hq/446.png,munchlax,munchlax
data/images/hq/447.png,riolu,riolu
data/images/hq/448-Mega.png,lucario-mega,lucario-mega
data/images/hq/448.png,lucario,lucario
data/images/hq/449.png,hippopotas,hippopotas
data/images/hq/450.png,hippowdon,hippowdon
data/images/hq/451.png,skorupi,skorupi
data/images/hq/452.png,drapion,drapion
data/images/hq/453.png,croagunk,croagunk
data/images/hq/454.png,toxicroak,toxicroak
data/images/hq/455.png,carnivine,carnivine
data/images/hq/456.png,finneon,finneon
data/images/hq/457.png,lumineon,lumineon
data/images/hq/458.png,mantyke,mantyke
data/images/hq/459.png,snover,snover
data/images/hq/460-Mega.png,abomasnow-mega,Abomasnow
data/images/hq/460.png,abomasnow,abomasnow
data/images/hq/461.png,weavile,weavile
data/images/hq/462.png,magnezone,magnezone
data/images/hq/463.png,lickilicky,lickilicky
data/images/hq/464.png,rhyperior,rhyperior
data/images/hq/465.png,tangrowth,tangrowth
data/images/hq/466.png,electivire,electivire
data/images/hq/467.png,magmortar,magmortar
data/images/hq/468.png,togekiss,togekiss
data/images/hq/469.png,yanmega,yanmega
data/images/hq/470.png,leafeon,leafeon
data/images/hq/471.png,glaceon,glaceon
data/images/hq/472.png,gliscor,gliscor
data/images/hq/473.png,mamoswine,mamoswine
data/images/hq/474.png,porygon-z,porygon-z
data/images/hq/475-Mega.png,gallade-mega,Gallade
data/images/hq/475.png,gallade,gallade
data/images/hq/476.png,probopass,probopass
data/images/hq/477.png,dusknoir,dusknoir
data/images/hq/478.png,froslass,froslass
data/images/hq/479-Fan.png,rotom-fan,Fan Rotom
data/images/hq/479-Frost.png,rotom-frost,Rotom
data/images/hq/479-Heat.png,rotom-heat,Heat Rotom
data/images/hq/479-Mow.png,rotom-mow,Rotom
data/images/hq/479-Wash.png,rotom-wash,Wash Rotom
data/images/hq/479.png,rotom,rotom
data/images/hq/480.png,uxie,uxie
data/images/hq/481.png,mesprit,mesprit
data/images/hq/482.png,azelf,azelf
data/images/hq/483-Origin.png,dialga-origin,Dialga
data/images/hq/483.png,dialga,dialga
data/images/hq/484-Origin.png,palkia-origin,Palkia
data/images/hq/484.png,palkia,palkia
data/images/hq/485.png,heatran,heatran
data/images/hq/486.png,regigigas,regigigas
data/images/hq/487-Origin.png,giratina-altered-origin,Giratina
data/images/hq/487.png,giratina-altered,Giratina
data/images/hq/488.png,cresselia,cresselia
data/images/hq/489.png,phione,phione
data/images/hq/490.png,manaphy,manaphy
data/images/hq/491.png,darkrai,darkrai
data/images/hq/492-Sky.png,shaymin-land-sky,Shaymin
data/images/hq/492.png,shaymin-land,Shaymin
data/images/hq/493.png,arceus,arceus
data/images/hq/494.png,victini,victini
data/images/hq/495.png,snivy,snivy
data/images/hq/496.png,servine,servine
data/images/hq/497.png,serperior,serperior
data/images/hq/498.png,tepig,tepig
data/images/hq/499.png,pignite,pignite
data/images/hq/500.png,emboar,emboar
data/images/hq/501.png,oshawott,oshawott
data/images/hq/502.png,dewott,dewott
data/images/hq/503-Hisui.png,samurott-hisui,samurott-hisui
data/images/hq/503.png,samurott,samurott
data/images/hq/504.png,patrat,patrat
data/images/hq/505.png,watchog,watchog
data/images/hq/506.png,lillipup,lillipup
data/images/hq/507.png,herdier,herdier
data/images/hq/508.png,stoutland,stoutland
data/images/hq/509.png,purrloin,purrloin
data/images/hq/510.png,liepard,liepard
data/images/hq/511.png,pansage,pansage
data/images/hq/512.png,simisage,simisage
data/images/hq/513.png,pansear,pansear
data/images/hq/514.png,simisear,simisear
data/images/hq/515.png,panpour,panpour
data/images/hq/516.png,simipour,simipour
data/images/hq/517.png,munna,munna
data/images/hq/518.png,musharna,musharna
data/images/hq/519.png,pidove,pidove
data/images/hq/520.png,tranquill,tranquill
data/images/hq/521.png,unfezant,unfezant
data/images/hq/522.png,blitzle,blitzle
data/images/hq/523.png,zebstrika,zebstrika
data/images/hq/524.png,roggenrola,roggenrola
data/images/hq/525.png,boldore,boldore
data/images/hq/526.png,gigalith,gigalith
data/images/hq/527.png,woobat,woobat
data/images/hq/528.png,swoobat,swoobat
data/images/hq/529.png,drilbur,drilbur
data/images/hq/530.png,excadrill,excadrill
data/images/hq/531-Mega.png,audino-mega,audino-mega
data/images/hq/531.png,audino,audino
data/images/hq/532.png,timburr,timburr
data/images/hq/533.png,gurdurr,gurdurr
data/images/hq/534.png,conkeldurr,conkeldurr
data/images/hq/535.png,tympole,Tym
data/images/hq/536.png,palpitoad,palpitoad
data/images/hq/537.png,seismitoad,seismitoad
data/images/hq/538.png,throh,throh
data/images/hq/539.png,sawk,sawk
data/images/hq/540.png,sewaddle,sewaddle
data/images/hq/541.png,swadloon,swadloon
data/images/hq/542.png,leavanny,leavanny
data/images/hq/543.png,venipede,venipede
data/images/hq/544.png,whirlipede,whirlipede
data/images/hq/545.png,scolipede,scolipede
data/images/hq/546.png,cottonee,cottonee
data/images/hq/547.png,whimsicott,whimsicott
data/images/hq/548.png,petilil,petilil
data/images/hq/549-Hisui.png,lilligant-hisui,Lilligant
data/images/hq/549.png,lilligant,lilligant
data/images/hq/550-Blue-Striped.png,basculin-red-striped-blue-striped,Basculin
data/images/hq/550-Red-Striped.png,basculin-red-striped-red-striped,Basculin
data/images/hq/550-White-Striped.png,basculin-red-striped-white-striped,Basculin
data/images/hq/550.png,basculin-red-striped,Basculin
data/images/hq/551.png,sandile,sandile
data/images/hq/552.png,krokorok,krokorok
data/images/hq/553.png,krookodile,krookodile
data/images/hq/554-Galar.png,darumaka-galar,darumaka-galar
data/images/hq/554.png,darumaka,darumaka
data/images/hq/555-Galar-Standard.png,darmanitan-standard-galar-standard,Galarian Darmanitan
data/images/hq/555-Galar-Zen.png,darmanitan-standard-galar-zen,Galarian Darmanitan
data/images/hq/555-Zen.png,darmanitan-standard-zen,Darmanitan
data/images/hq/555.png,darmanitan-standard,Darmanitan
data/images/hq/556.png,maractus,maractus
data/images/hq/557.png,dwebble,dwebble
data/images/hq/558.png,crustle,crustle
data/images/hq/559.png,scraggy,scraggy
data/images/hq/560.png,scrafty,scrafty
data/images/hq/561.png,sigilyph,sigilyph
data/images/hq/562-Galar.png,yamask-galar,Yamask
data/images/hq/562.png,yamask,yamask
data/images/hq/563.png,cofagrigus,cofagrigus
data/images/hq/564.png,tirtouga,tirtouga
data/images/hq/565.png,carracosta,carracosta
data/images/hq/566.png,archen,archen
data/images/hq/567.png,archeops,archeops
data/images/hq/568.png,trubbish,trubbish
data/images/hq/569-Gmax.png,garbodor-gmax,Garbodor
data/images/hq/569.png,garbodor,garbodor
data/images/hq/570-Hisui.png,zorua-hisui,zorua-hisui
data/images/hq/570.png,zorua,zorua
data/images/hq/571-Hisui.png,zoroark-hisui,zoroark-hisui
data/images/hq/571.png,zoroark,zoroark
data/images/hq/572.png,minccino,minccino
data/images/hq/573.png,cinccino,Minccino
data/images/hq/574.png,gothita,gothita
data/images/hq/575.png,gothorita,Gothitelle
data/images/hq/576.png,gothitelle,gothitelle
data/images/hq/577.png,solosis,solosis
data/images/hq/578.png,duosion,duosion
data/images/hq/579.png,reuniclus,reuniclus
data/images/hq/580.png,ducklett,ducklett
data/images/hq/581.png,swanna,swanna
data/images/hq/582.png,vanillite,vanillite
data/images/hq/583.png,vanillish,Vanillite
data/images/hq/584.png,vanilluxe,vanilluxe
data/images/hq/585-Autumn.png,deerling-autumn,Deerling
data/images/hq/585-Summer.png,deerling-summer,Deerling
data/images/hq/585-Winter.png,deerling-winter,Deerling
data/images/hq/585.png,deerling,deerling
data/images/hq/586-Autumn.png,sawsbuck-autumn,Sawsbuck
data/images/hq/586-Summer.png,sawsbuck-summer,Sawsbuck
data/images/hq/586-Winter.png,sawsbuck-winter,Sawsbuck
data/images/hq/586.png,sawsbuck,sawsbuck
data/images/hq/587.png,emolga,emolga
data/images/hq/588.png,karrablast,karrablast
data/images/hq/589.png,escavalier,escavalier
data/images/hq/590.png,foongus,foongus
data/images/hq/591.png,amoonguss,amoonguss
data/images/hq/592.png,frillish,frillish
data/images/hq/593.png,jellicent,Frillish
data/images/hq/594.png,alomomola,alomomola
data/images/hq/595.png,joltik,joltik
data/images/hq/596.png,galvantula,galvantula
data/images/hq/597.png,ferroseed,ferroseed
data/images/hq/598.png,ferrothorn,ferrothorn
data/images/hq/599.png,klink,Klinklang
data/images/hq/600.png,klang,klang
data/images/hq/601.png,klinklang,klinklang
data/images/hq/602.png,tynamo,tynamo
data/images/hq/603.png,eelektrik,eelektrik
data/images/hq/604.png,eelektross,eelektross
data/images/hq/605.png,elgyem,elgyem
data/images/hq/606.png,beheeyem,beheeyem
data/images/hq/607.png,litwick,litwick
data/images/hq/608.png,lampent,lampent
data/images/hq/609.png,chandelure,chandelure
data/images/hq/610.png,axew,axew
data/images/hq/611.png,fraxure,fraxure
data/images/hq/612.png,haxorus,haxorus
data/images/hq/613.png,cubchoo,cubchoo
data/images/hq/614.png,beartic,beartic
data/images/hq/615.png,cryogonal,cryogonal
data/images/hq/616.png,shelmet,shelmet
data/images/hq/617.png,accelgor,accelgor
data/images/hq/618-Galar.png,stunfisk-galar,Stunfisk
data/images/hq/618.png,stunfisk,stunfisk
data/images/hq/619.png,mienfoo,mienfoo
data/images/hq/620.png,mienshao,mienshao
data/images/hq/621.png,druddigon,druddigon
data/images/hq/622.png,golett,Golurk
data/images/hq/623.png,golurk,golurk
data/images/hq/624.png,pawniard,pawniard
data/images/hq/625.png,bisharp,bisharp
data/images/hq/626.png,bouffalant,bouffalant
data/images/hq/627.png,rufflet,rufflet
data/images/hq/628-Hisui.png,braviary-hisui,braviary-hisui
data/images/hq/628.png,braviary,braviary
data/images/hq/629.png,vullaby,vullaby
data/images/hq/630.png,mandibuzz,mandibuzz
data/images/hq/631.png,heatmor,heatmor
data/images/hq/632.png,durant,durant
data/images/hq/633.png,deino,deino
data/images/hq/634.png,zweilous,zweilous
data/images/hq/635.png,hydreigon,hydreigon
data/images/hq/636.png,larvesta,larvesta
data/images/hq/637.png,volcarona,volcarona
data/images/hq/638.png,cobalion,cobalion
data/images/hq/639.png,terrakion,terrakion
data/images/hq/640.png,virizion,virizion
data/images/hq/641-Therian.png,tornadus-incarnate-therian,Tornadus
data/images/hq/641.png,tornadus-incarnate,Tornadus
data/images/hq/642-Therian.png,thundurus-incarnate-therian,Thundurus
data/images/hq/642.png,thundurus-incarnate,Thundurus
data/images/hq/643.png,reshiram,reshiram
data/images/hq/644.png,zekrom,zekrom
data/images/hq/645-Therian.png,landorus-incarnate-therian,Landorus
data/images/hq/645.png,landorus-incarnate,Landorus
data/images/hq/646-Black.png,kyurem-black,Black Kyurem
data/images/hq/646-White.png,kyurem-white,Kyurem
data/images/hq/646.png,kyurem,kyurem
data/images/hq/647-Resolute.png,keldeo-ordinary-resolute,Keldeo
data/images/hq/647.png,keldeo-ordinary,Keldeo
data/images/hq/648-Pirouette.png,meloetta-aria-pirouette,Meloetta
data/images/hq/648.png,meloetta-aria,Meloetta
data/images/hq/649.png,genesect,genesect
data/images/hq/650.png,chespin,chespin
data/images/hq/651.png,quilladin,Chespin
data/images/hq/652.png,chesnaught,chesnaught
data/images/hq/653.png,fennekin,fennekin
data/images/hq/654.png,braixen,braixen
data/images/hq/655.png,delphox,delphox
data/images/hq/656.png,froakie,froakie
data/images/hq/657.png,frogadier,frogadier
data/images/hq/658-Ash.png,greninja-ash,Ash-Greninja
data/images/hq/658.png,greninja,greninja
data/images/hq/659.png,bunnelby,bunnelby
data/images/hq/660.png,diggersby,diggersby
data/images/hq/661.png,fletchling,fletchling
data/images/hq/662.png,fletchinder,Fletchling
data/images/hq/663.png,talonflame,talonflame
data/images/hq/664.png,scatterbug,scatterbug
data/images/hq/665.png,spewpa,spewpa
data/images/hq/666-Archipelago.png,vivillon-archipelago,Vivillon
data/images/hq/666-Continental.png,vivillon-continental,Vivillon
data/images/hq/666-Elegant.png,vivillon-elegant,Vivillon
data/images/hq/666-Fancy.png,vivillon-fancy,Vivillon
data/images/hq/666-Garden.png,vivillon-garden,Vivillon
data/images/hq/666-High-Plains.png,vivillon-high-plains,Spewpa
data/images/hq/666-Icy-Snow.png,vivillon-icy-snow,Vivillon
data/images/hq/666-Jungle.png,vivillon-jungle,Vivillon
data/images/hq/666-Marine.png,vivillon-marine,Vivillon
data/images/hq/666-Meadow.png,vivillon-meadow,Vivillon
data/images/hq/666-Modern.png,vivillon-modern,Vivillon
data/images/hq/666-Monsoon.png,vivillon-monsoon,Vivillon
data/images/hq/666-Ocean.png,vivillon-ocean,Vivillon
data/images/hq/666-Poke-Ball.png,vivillon-poke-ball,Vivillon
data/images/hq/666-Polar.png,vivillon-polar,Vivillon
data/images/hq/666-River.png,vivillon-river,Vivillon
data/images/hq/666-Sandstorm.png,vivillon-sandstorm,Vivillon
data/images/hq/666-Savanna.png,vivillon-savanna,Vivillon
data/images/hq/666-Sun.png,vivillon-sun,Vivillon
data/images/hq/666-Tundra.png,vivillon-tundra,Vivillon
data/images/hq/666.png,vivillon,vivillon
data/images/hq/667.png,litleo,litleo
data/images/hq/668.png,pyroar,pyroar
data/images/hq/669.png,flabebe,Florges
data/images/hq/670-Eternal.png,floette-eternal,Masquerain
data/images/hq/670.png,floette,floette
data/images/hq/671.png,florges,florges
data/images/hq/672.png,skiddo,skiddo
data/images/hq/673.png,gogoat,gogoat
data/images/hq/674.png,pancham,pancham
data/images/hq/675.png,pangoro,pangoro
data/images/hq/676-Diamond.png,furfrou-diamond,Furfrou
data/images/hq/676-Heart.png,furfrou-heart,Furfrou
data/images/hq/676-Star.png,furfrou-star,Furfrou
data/images/hq/676.png,furfrou,furfrou
data/images/hq/677.png,espurr,espurr
data/images/hq/678-Female.png,meowstic-male-female,Meowstic
data/images/hq/678-Male-Female.png,meowstic-male-male-female,Meowstic
data/images/hq/678.png,meowstic-male,Meowstic
data/images/hq/679.png,honedge,honedge
data/images/hq/680.png,doublade,Barbaracle
data/images/hq/681-Blade.png,aegislash-shield-blade,Aegislash
data/images/hq/681.png,aegislash-shield,Aegislash
data/images/hq/682.png,spritzee,spritzee
data/images/hq/683.png,aromatisse,aromatisse
data/images/hq/684.png,swirlix,swirlix
data/images/hq/685.png,slurpuff,slurpuff
data/images/hq/686.png,inkay,inkay
data/images/hq/687.png,malamar,malamar
data/images/hq/688.png,binacle,binacle
data/images/hq/689.png,barbaracle,barbaracle
data/images/hq/690.png,skrelp,skrelp
data/images/hq/691.png,dragalge,dragalge
data/images/hq/692.png,clauncher,clauncher
data/images/hq/693.png,clawitzer,clawitzer
data/images/hq/694.png,helioptile,helioptile
data/images/hq/695.png,heliolisk,heliolisk
data/images/hq/696.png,tyrunt,tyrunt
data/images/hq/697.png,tyrantrum,tyrantrum
data/images/hq/698.png,amaura,amaura
data/images/hq/699.png,aurorus,aurorus
data/images/hq/700.png,sylveon,sylveon
data/images/hq/701.png,hawlucha,hawlucha
data/images/hq/702.png,dedenne,dedenne
data/images/hq/703.png,carbink,carbink
data/images/hq/704.png,goomy,goomy
data/images/hq/705-Hisui.png,sliggoo-hisui,Sliggoo
data/images/hq/705.png,sliggoo,sliggoo
data/images/hq/706-Hisui.png,goodra-hisui,Goodra
data/images/hq/706.png,goodra,goodra
data/images/hq/707.png,klefki,klefki
data/images/hq/708.png,phantump,phantump
data/images/hq/709.png,trevenant,trevenant
data/images/hq/710.png,pumpkaboo-average,Pumpkaboo
data/images/hq/711.png,gourgeist-average,Gourgeist
data/images/hq/712.png,bergmite,bergmite
data/images/hq/713-Hisui.png,avalugg-hisui,Avalugg
data/images/hq/713.png,avalugg,avalugg
data/images/hq/714.png,noibat,Noivern
data/images/hq/715.png,noivern,noivern
data/images/hq/716.png,xerneas,xerneas
data/images/hq/717.png,yveltal,yveltal
data/images/hq/718-10.png,zygarde-50-10,Zygarde
data/images/hq/718-Cell.png,zygarde-50-cell,Solosis
data/images/hq/718-Complete.png,zygarde-50-complete,Zygarde
data/images/hq/718-Core.png,zygarde-50-core,Duosion
data/images/hq/718.png,zygarde-50,Zygarde
data/images/hq/719-Mega.png,diancie-mega,diancie-mega
data/images/hq/719.png,diancie,diancie
data/images/hq/720-Unbound.png,hoopa-unbound,hoopa-unbound
data/images/hq/720.png,hoopa,hoopa
data/images/hq/721.png,volcanion,volcanion
data/images/hq/722.png,rowlet,rowlet
data/images/hq/723.png,dartrix,dartrix
data/images/hq/724-Hisui.png,decidueye-hisui,Decidueye
data/images/hq/724.png,decidueye,decidueye
data/images/hq/725.png,litten,litten
data/images/hq/726.png,torracat,Litten
data/images/hq/727.png,incineroar,incineroar
data/images/hq/728.png,popplio,popplio
data/images/hq/729.png,brionne,brionne
data/images/hq/730.png,primarina,primarina
data/images/hq/731.png,pikipek,pikipek
data/images/hq/732.png,trumbeak,trumbeak
data/images/hq/733.png,toucannon,toucannon
data/images/hq/734.png,yungoos,yungoos
data/images/hq/735.png,gumshoos,gumshoos
data/images/hq/736.png,grubbin,grubbin
data/images/hq/737.png,charjabug,charjabug
data/images/hq/738.png,vikavolt,vikavolt
data/images/hq/739.png,crabrawler,Clawitzer
data/images/hq/740.png,crabominable,crabominable
data/images/hq/741-Pau.png,oricorio-baile-pau,Oricorio
data/images/hq/741-Pom-Pom.png,oricorio-baile-pom-pom,Oricorio
data/images/hq/741-Sensu.png,oricorio-baile-sensu,Oricorio
data/images/hq/741.png,oricorio-baile,Oricorio
data/images/hq/742.png,cutiefly,cutiefly
data/images/hq/743.png,ribombee,ribombee
data/images/hq/744.png,rockruff,rockruff
data/images/hq/745-Dusk.png,lycanroc-midday-dusk,Lycanroc
data/images/hq/745-Midnight.png,lycanroc-midday-midnight,Lycanroc
data/images/hq/745.png,lycanroc-midday,Lycanroc
data/images/hq/746-School.png,wishiwashi-solo-school,Wishiwashi (School Form)
data/images/hq/746.png,wishiwashi-solo,Wishiwashi
data/images/hq/747.png,mareanie,mareanie
data/images/hq/748.png,toxapex,toxapex
data/images/hq/749.png,mudbray,mudbray
data/images/hq/750.png,mudsdale,mudsdale
data/images/hq/751.png,dewpider,dewpider
data/images/hq/752.png,araquanid,araquanid
data/images/hq/753.png,fomantis,fomantis
data/images/hq/754.png,lurantis,lurantis
data/images/hq/755.png,morelull,morelull
data/images/hq/756.png,shiinotic,shiinotic
data/images/hq/757.png,salandit,salandit
data/images/hq/758.png,salazzle,salazzle
data/images/hq/759.png,stufful,stufful
data/images/hq/760.png,bewear,bewear
data/images/hq/761.png,bounsweet,bounsweet
data/images/hq/762.png,steenee,steenee
data/images/hq/763.png,tsareena,tsareena
data/images/hq/764.png,comfey,comfey
data/images/hq/765.png,oranguru,oranguru
data/images/hq/766.png,passimian,passimian
data/images/hq/767.png,wimpod,wimpod
data/images/hq/768.png,golisopod,golisopod
data/images/hq/769.png,sandygast,sandygast
data/images/hq/770.png,palossand,palossand
data/images/hq/771.png,pyukumuku,Pincurchin
data/images/hq/772.png,type-null,type-null
data/images/hq/773.png,silvally,silvally
data/images/hq/774-Red.png,minior-red-meteor-red,Minior
data/images/hq/774.png,minior-red-meteor,Ferroseed
data/images/hq/775.png,komala,komala
data/images/hq/776.png,turtonator,turtonator
data/images/hq/777.png,togedemaru,togedemaru
data/images/hq/778-Busted.png,mimikyu-disguised-busted,Mimikyu
data/images/hq/778.png,mimikyu-disguised,Mimikyu
data/images/hq/779.png,bruxish,bruxish
data/images/hq/780.png,drampa,drampa
data/images/hq/781.png,dhelmise,dhelmise
data/images/hq/782.png,jangmo-o,jangmo-o
data/images/hq/783.png,hakamo-o,hakamo-o
data/images/hq/784.png,kommo-o,kommo-o
data/images/hq/785.png,tapu-koko,tapu-koko
data/images/hq/786.png,tapu-lele,tapu-lele
data/images/hq/787.png,tapu-bulu,tapu-bulu
data/images/hq/788.png,tapu-fini,tapu-fini
data/images/hq/789.png,cosmog,cosmog
data/images/hq/790.png,cosmoem,cosmoem
data/images/hq/791-Radiant-Sun-Phase.png,solgaleo-radiant-sun-phase,Solgaleo
data/images/hq/791.png,solgaleo,solgaleo
data/images/hq/792-Full-Moon-Phase.png,lunala-full-moon-phase,Lunala
data/images/hq/792.png,lunala,lunala
data/images/hq/793.png,nihilego,nihilego
data/images/hq/794.png,buzzwole,buzzwole
data/images/hq/795.png,pheromosa,pheromosa
data/images/hq/796.png,xurkitree,xurkitree
data/images/hq/797.png,celesteela,celesteela
data/images/hq/798.png,kartana,kartana
data/images/hq/799.png,guzzlord,guzzlord
data/images/hq/800-Dawn.png,necrozma-dawn,Dawn Wings Necrozma
data/images/hq/800-Dusk.png,necrozma-dusk,Dusk Mane Necrozma
data/images/hq/800-Ultra.png,necrozma-ultra,Ultra Necrozma
data/images/hq/800.png,necrozma,necrozma
data/images/hq/801-Original.png,magearna-original,Magearna
data/images/hq/801.png,magearna,magearna
data/images/hq/802.png,marshadow,marshadow
data/images/hq/803.png,poipole,poipole
data/images/hq/804.png,naganadel,naganadel
data/images/hq/805.png,stakataka,stakataka
data/images/hq/806.png,blacephalon,blacephalon
data/images/hq/807.png,zeraora,zeraora
data/images/hq/808.png,meltan,meltan
data/images/hq/809-Gmax.png,melmetal-gmax,Melmetal
data/images/hq/809.png,melmetal,melmetal
data/images/hq/810.png,grookey,grookey
data/images/hq/811.png,thwackey,thwackey
data/images/hq/812-Gmax.png,rillaboom-gmax,Rillaboom
data/images/hq/812.png,rillaboom,rillaboom
data/images/hq/813.png,scorbunny,scorbunny
data/images/hq/814.png,raboot,raboot
data/images/hq/815-Gmax.png,cinderace-gmax,Cinderace
data/images/hq/815.png,cinderace,cinderace
data/images/hq/816.png,sobble,sobble
data/images/hq/817.png,drizzile,drizzile
data/images/hq/818-Gmax.png,inteleon-gmax,Eternatus
data/images/hq/818.png,inteleon,inteleon
data/images/hq/819.png,skwovet,skwovet
data/images/hq/820.png,greedent,Skwovet
data/images/hq/821.png,rookidee,rookidee
data/images/hq/822.png,corvisquire,Murkrow
data/images/hq/823-Gmax.png,corviknight-gmax,corviknight-gmax
data/images/hq/823.png,corviknight,corviknight
data/images/hq/824.png,blipbug,blipbug
data/images/hq/825.png,dottler,dottler
data/images/hq/826-Gmax.png,orbeetle-gmax,Orbeetle
data/images/hq/826.png,orbeetle,orbeetle
data/images/hq/827.png,nickit,nickit
data/images/hq/828.png,thievul,thievul
data/images/hq/829.png,gossifleur,Eldegoss
data/images/hq/830.png,eldegoss,eldegoss
data/images/hq/831.png,wooloo,wooloo
data/images/hq/832.png,dubwool,dubwool
data/images/hq/833.png,chewtle,chewtle
data/images/hq/834-Gmax.png,drednaw-gmax,drednaw-gmax
data/images/hq/834.png,drednaw,drednaw
data/images/hq/835.png,yamper,yamper
data/images/hq/836.png,boltund,boltund
data/images/hq/837.png,rolycoly,rolycoly
data/images/hq/838.png,carkol,carkol
data/images/hq/839-Gmax.png,coalossal-gmax,Coalossal
data/images/hq/839.png,coalossal,coalossal
data/images/hq/840.png,applin,applin
data/images/hq/841-Gmax.png,flapple-gmax,Flapple
data/images/hq/841.png,flapple,flapple
data/images/hq/842.png,appletun,appletun
data/images/hq/843.png,silicobra,silicobra
data/images/hq/844-Gmax.png,sandaconda-gmax,Sandaconda
data/images/hq/844.png,sandaconda,sandaconda
data/images/hq/845-Gorging.png,cramorant-gorging,Cramorant
data/images/hq/845-Gulping.png,cramorant-gulping,Cramorant
data/images/hq/845.png,cramorant,cramorant
data/images/hq/846.png,arrokuda,arrokuda
data/images/hq/847.png,barraskewda,Arrokuda
data/images/hq/848.png,toxel,toxel
data/images/hq/849-Amped-Gmax.png,toxtricity-amped-amped-gmax,Toxtricity
data/images/hq/849-Low-Key.png,toxtricity-amped-low-key,Toxtricity
data/images/hq/849.png,toxtricity-amped,Toxtricity
data/images/hq/850.png,sizzlipede,Centiskorch
data/images/hq/851-Gmax.png,centiskorch-gmax,Centiskorch
data/images/hq/851.png,centiskorch,centiskorch
data/images/hq/852.png,clobbopus,clobbopus
data/images/hq/853.png,grapploct,grapploct
data/images/hq/854.png,sinistea,sinistea
data/images/hq/855.png,polteageist,polteageist
data/images/hq/856.png,hatenna,hatenna
data/images/hq/857.png,hattrem,Hatenna
data/images/hq/858-Gmax.png,hatterene-gmax,Hatterene
data/images/hq/858.png,hatterene,hatterene
data/images/hq/859.png,impidimp,impidimp
data/images/hq/860.png,morgrem,morgrem
data/images/hq/861-Gmax.png,grimmsnarl-gmax,Eternatus
data/images/hq/861.png,grimmsnarl,grimmsnarl
data/images/hq/862.png,obstagoon,obstagoon
data/images/hq/863.png,perrserker,perrserker
data/images/hq/864.png,cursola,cursola
data/images/hq/865.png,sirfetchd,sirfetchd
data/images/hq/866.png,mr-rime,mr-rime
data/images/hq/867.png,runerigus,runerigus
data/images/hq/868.png,milcery,milcery
data/images/hq/869-Gmax.png,alcremie-gmax,Alcremie
data/images/hq/869.png,alcremie,alcremie
data/images/hq/870.png,falinks,falinks
data/images/hq/871.png,pincurchin,pincurchin
data/images/hq/872.png,snom,snom
data/images/hq/873.png,frosmoth,frosmoth
data/images/hq/874.png,stonjourner,stonjourner
data/images/hq/875-Noice.png,eiscue-ice-noice,Eiscue
data/images/hq/875.png,eiscue-ice,Eiscue
data/images/hq/876-Female.png,indeedee-male-female,Indeedee
data/images/hq/876-Male-Female.png,indeedee-male-male-female,Indeedee
data/images/hq/876.png,indeedee-male,Indeedee
data/images/hq/877-Hangry.png,morpeko-full-belly-hangry,Morpeko
data/images/hq/877.png,morpeko-full-belly,Morpeko
data/images/hq/878.png,cufant,cufant
data/images/hq/879-Gmax.png,copperajah-gmax,Copperajah
data/images/hq/879.png,copperajah,copperajah
data/images/hq/880.png,dracozolt,dracozolt
data/images/hq/881.png,arctozolt,arctozolt
data/images/hq/882.png,dracovish,dracovish
data/images/hq/883.png,arctovish,arctovish
data/images/hq/884-Gmax.png,duraludon-gmax,Duraludon
data/images/hq/884.png,duraludon,duraludon
data/images/hq/885.png,dreepy,dreepy
data/images/hq/886.png,drakloak,Dragapult
data/images/hq/887.png,dragapult,dragapult
data/images/hq/888-Crowned.png,zacian-crowned,Zacian
data/images/hq/888.png,zacian,zacian
data/images/hq/889-Crowned.png,zamazenta-crowned,Zamazenta
data/images/hq/889.png,zamazenta,Zacian
data/images/hq/890-Eternamax.png,eternatus-eternamax,Eternatus
data/images/hq/890.png,eternatus,eternatus
data/images/hq/891.png,kubfu,kubfu
data/images/hq/892-Rapid-Strike-Gmax.png,urshifu-single-strike-rapid-strike-gmax,Urshifu
data/images/hq/892-Rapid-Strike.png,urshifu-single-strike-rapid-strike,Urshifu
data/images/hq/892-Single-Strike-Gmax.png,urshifu-single-strike-single-strike-gmax,Urshifu
data/images/hq/892.png,urshifu-single-strike,Kubfu
data/images/hq/893-Dada.png,zarude-dada,Zarude
data/images/hq/893.png,zarude,zarude
data/images/hq/894.png,regieleki,regieleki
data/images/hq/895.png,regidrago,regidrago
data/images/hq/896.png,glastrier,glastrier
data/images/hq/897.png,spectrier,spectrier
data/images/hq/898-Ice.png,calyrex-ice,Ice Rider Calyrex
data/images/hq/898-Shadow.png,calyrex-shadow,Calyrex (Shadow Rider)
data/images/hq/898.png,calyrex,calyrex
data/images/hq/899.png,wyrdeer,wyrdeer
data/images/hq/900.png,kleavor,kleavor
data/images/hq/901.png,ursaluna,ursaluna
data/images/hq/902.png,basculegion-male,Basculegion
data/images/hq/903.png,sneasler,sneasler
data/images/hq/904.png,overqwil,overqwil
data/images/hq/905-Therian.png,enamorus-incarnate-therian,Enamorus
data/images/hq/905.png,enamorus-incarnate,En
